<annotation>
	<folder>dir</folder>
	<filename>103.jpg</filename>
	<path>D:\CapD\dir\103.jpg</path>
	<source>
		<database>Unknown</database>
	</source>
	<size>
		<width>640</width>
		<height>853</height>
		<depth>3</depth>
	</size>
	<segmented>0</segmented>
	<object>
		<name>person</name>
		<pose>Unspecified</pose>
		<truncated>0</truncated>
		<difficult>0</difficult>
		<bndbox>
			<xmin>148</xmin>
			<ymin>281</ymin>
			<xmax>361</xmax>
			<ymax>799</ymax>
		</bndbox>
	</object>
	<object>
		<name>person</name>
		<pose>Unspecified</pose>
		<truncated>0</truncated>
		<difficult>0</difficult>
		<bndbox>
			<xmin>333</xmin>
			<ymin>320</ymin>
			<xmax>486</xmax>
			<ymax>603</ymax>
		</bndbox>
	</object>
</annotation>