<annotation>
	<folder>&#52897;&#49828;&#53668;&#49324;&#51652;</folder>
	<filename>1040.jpg</filename>
	<path>C:\Users\user\Desktop\&#52897;&#49828;&#53668;&#49324;&#51652;\1040.jpg</path>
	<source>
		<database>Unknown</database>
	</source>
	<size>
		<width>640</width>
		<height>426</height>
		<depth>3</depth>
	</size>
	<segmented>0</segmented>
	<object>
		<name>person</name>
		<pose>Unspecified</pose>
		<truncated>1</truncated>
		<difficult>0</difficult>
		<bndbox>
			<xmin>101</xmin>
			<ymin>74</ymin>
			<xmax>332</xmax>
			<ymax>426</ymax>
		</bndbox>
	</object>
	<object>
		<name>person</name>
		<pose>Unspecified</pose>
		<truncated>1</truncated>
		<difficult>0</difficult>
		<bndbox>
			<xmin>297</xmin>
			<ymin>52</ymin>
			<xmax>594</xmax>
			<ymax>426</ymax>
		</bndbox>
	</object>
</annotation>