<annotation>
	<folder>dir</folder>
	<filename>105.jpg</filename>
	<path>D:\CapD\dir\105.jpg</path>
	<source>
		<database>Unknown</database>
	</source>
	<size>
		<width>640</width>
		<height>853</height>
		<depth>3</depth>
	</size>
	<segmented>0</segmented>
	<object>
		<name>person</name>
		<pose>Unspecified</pose>
		<truncated>0</truncated>
		<difficult>0</difficult>
		<bndbox>
			<xmin>241</xmin>
			<ymin>294</ymin>
			<xmax>391</xmax>
			<ymax>609</ymax>
		</bndbox>
	</object>
	<object>
		<name>person</name>
		<pose>Unspecified</pose>
		<truncated>0</truncated>
		<difficult>0</difficult>
		<bndbox>
			<xmin>151</xmin>
			<ymin>328</ymin>
			<xmax>260</xmax>
			<ymax>521</ymax>
		</bndbox>
	</object>
</annotation>