<annotation>
	<folder>dir</folder>
	<filename>107.jpg</filename>
	<path>D:\CapD\dir\107.jpg</path>
	<source>
		<database>Unknown</database>
	</source>
	<size>
		<width>640</width>
		<height>960</height>
		<depth>3</depth>
	</size>
	<segmented>0</segmented>
	<object>
		<name>person</name>
		<pose>Unspecified</pose>
		<truncated>0</truncated>
		<difficult>0</difficult>
		<bndbox>
			<xmin>179</xmin>
			<ymin>413</ymin>
			<xmax>353</xmax>
			<ymax>772</ymax>
		</bndbox>
	</object>
	<object>
		<name>person</name>
		<pose>Unspecified</pose>
		<truncated>0</truncated>
		<difficult>0</difficult>
		<bndbox>
			<xmin>270</xmin>
			<ymin>257</ymin>
			<xmax>522</xmax>
			<ymax>819</ymax>
		</bndbox>
	</object>
</annotation>