<annotation>
	<folder>&#52897;&#49828;&#53668;&#49324;&#51652;</folder>
	<filename>1087.jpg</filename>
	<path>C:\Users\user\Desktop\&#52897;&#49828;&#53668;&#49324;&#51652;\1087.jpg</path>
	<source>
		<database>Unknown</database>
	</source>
	<size>
		<width>640</width>
		<height>426</height>
		<depth>3</depth>
	</size>
	<segmented>0</segmented>
	<object>
		<name>person</name>
		<pose>Unspecified</pose>
		<truncated>1</truncated>
		<difficult>0</difficult>
		<bndbox>
			<xmin>351</xmin>
			<ymin>101</ymin>
			<xmax>580</xmax>
			<ymax>426</ymax>
		</bndbox>
	</object>
	<object>
		<name>person</name>
		<pose>Unspecified</pose>
		<truncated>1</truncated>
		<difficult>0</difficult>
		<bndbox>
			<xmin>80</xmin>
			<ymin>148</ymin>
			<xmax>278</xmax>
			<ymax>426</ymax>
		</bndbox>
	</object>
</annotation>