<annotation>
	<folder>&#52897;&#49828;&#53668;&#49324;&#51652;</folder>
	<filename>1101.jpg</filename>
	<path>C:\Users\user\Desktop\&#52897;&#49828;&#53668;&#49324;&#51652;\1101.jpg</path>
	<source>
		<database>Unknown</database>
	</source>
	<size>
		<width>640</width>
		<height>426</height>
		<depth>3</depth>
	</size>
	<segmented>0</segmented>
	<object>
		<name>person</name>
		<pose>Unspecified</pose>
		<truncated>0</truncated>
		<difficult>0</difficult>
		<bndbox>
			<xmin>180</xmin>
			<ymin>168</ymin>
			<xmax>222</xmax>
			<ymax>225</ymax>
		</bndbox>
	</object>
	<object>
		<name>person</name>
		<pose>Unspecified</pose>
		<truncated>0</truncated>
		<difficult>0</difficult>
		<bndbox>
			<xmin>449</xmin>
			<ymin>157</ymin>
			<xmax>465</xmax>
			<ymax>184</ymax>
		</bndbox>
	</object>
	<object>
		<name>person</name>
		<pose>Unspecified</pose>
		<truncated>0</truncated>
		<difficult>0</difficult>
		<bndbox>
			<xmin>437</xmin>
			<ymin>152</ymin>
			<xmax>456</xmax>
			<ymax>227</ymax>
		</bndbox>
	</object>
	<object>
		<name>person</name>
		<pose>Unspecified</pose>
		<truncated>0</truncated>
		<difficult>0</difficult>
		<bndbox>
			<xmin>466</xmin>
			<ymin>156</ymin>
			<xmax>497</xmax>
			<ymax>232</ymax>
		</bndbox>
	</object>
	<object>
		<name>person</name>
		<pose>Unspecified</pose>
		<truncated>0</truncated>
		<difficult>0</difficult>
		<bndbox>
			<xmin>494</xmin>
			<ymin>164</ymin>
			<xmax>516</xmax>
			<ymax>215</ymax>
		</bndbox>
	</object>
	<object>
		<name>person</name>
		<pose>Unspecified</pose>
		<truncated>0</truncated>
		<difficult>0</difficult>
		<bndbox>
			<xmin>210</xmin>
			<ymin>141</ymin>
			<xmax>254</xmax>
			<ymax>223</ymax>
		</bndbox>
	</object>
</annotation>