<annotation>
	<folder>dir</folder>
	<filename>114.jpg</filename>
	<path>D:\CapD\dir\114.jpg</path>
	<source>
		<database>Unknown</database>
	</source>
	<size>
		<width>640</width>
		<height>480</height>
		<depth>3</depth>
	</size>
	<segmented>0</segmented>
	<object>
		<name>person</name>
		<pose>Unspecified</pose>
		<truncated>0</truncated>
		<difficult>0</difficult>
		<bndbox>
			<xmin>4</xmin>
			<ymin>27</ymin>
			<xmax>516</xmax>
			<ymax>386</ymax>
		</bndbox>
	</object>
</annotation>