<annotation>
	<folder>dir</folder>
	<filename>11.jpg</filename>
	<path>D:\CapD\dir\11.jpg</path>
	<source>
		<database>Unknown</database>
	</source>
	<size>
		<width>640</width>
		<height>640</height>
		<depth>3</depth>
	</size>
	<segmented>0</segmented>
	<object>
		<name>person</name>
		<pose>Unspecified</pose>
		<truncated>0</truncated>
		<difficult>0</difficult>
		<bndbox>
			<xmin>343</xmin>
			<ymin>155</ymin>
			<xmax>599</xmax>
			<ymax>626</ymax>
		</bndbox>
	</object>
</annotation>