<annotation>
	<folder>dir</folder>
	<filename>123.jpg</filename>
	<path>D:\CapD\dir\123.jpg</path>
	<source>
		<database>Unknown</database>
	</source>
	<size>
		<width>640</width>
		<height>960</height>
		<depth>3</depth>
	</size>
	<segmented>0</segmented>
	<object>
		<name>person</name>
		<pose>Unspecified</pose>
		<truncated>0</truncated>
		<difficult>0</difficult>
		<bndbox>
			<xmin>161</xmin>
			<ymin>399</ymin>
			<xmax>385</xmax>
			<ymax>789</ymax>
		</bndbox>
	</object>
	<object>
		<name>person</name>
		<pose>Unspecified</pose>
		<truncated>0</truncated>
		<difficult>0</difficult>
		<bndbox>
			<xmin>241</xmin>
			<ymin>225</ymin>
			<xmax>449</xmax>
			<ymax>757</ymax>
		</bndbox>
	</object>
</annotation>