<annotation>
	<folder>&#52897;&#49828;&#53668;&#49324;&#51652;</folder>
	<filename>1240.jpg</filename>
	<path>C:\Users\user\Desktop\&#52897;&#49828;&#53668;&#49324;&#51652;\1240.jpg</path>
	<source>
		<database>Unknown</database>
	</source>
	<size>
		<width>640</width>
		<height>853</height>
		<depth>3</depth>
	</size>
	<segmented>0</segmented>
	<object>
		<name>person</name>
		<pose>Unspecified</pose>
		<truncated>0</truncated>
		<difficult>0</difficult>
		<bndbox>
			<xmin>147</xmin>
			<ymin>462</ymin>
			<xmax>473</xmax>
			<ymax>768</ymax>
		</bndbox>
	</object>
	<object>
		<name>person</name>
		<pose>Unspecified</pose>
		<truncated>0</truncated>
		<difficult>0</difficult>
		<bndbox>
			<xmin>261</xmin>
			<ymin>369</ymin>
			<xmax>477</xmax>
			<ymax>584</ymax>
		</bndbox>
	</object>
	<object>
		<name>person</name>
		<pose>Unspecified</pose>
		<truncated>1</truncated>
		<difficult>0</difficult>
		<bndbox>
			<xmin>485</xmin>
			<ymin>252</ymin>
			<xmax>640</xmax>
			<ymax>443</ymax>
		</bndbox>
	</object>
	<object>
		<name>person</name>
		<pose>Unspecified</pose>
		<truncated>1</truncated>
		<difficult>0</difficult>
		<bndbox>
			<xmin>0</xmin>
			<ymin>445</ymin>
			<xmax>195</xmax>
			<ymax>853</ymax>
		</bndbox>
	</object>
</annotation>