<annotation>
	<folder>dir</folder>
	<filename>125.jpg</filename>
	<path>D:\CapD\dir\125.jpg</path>
	<source>
		<database>Unknown</database>
	</source>
	<size>
		<width>640</width>
		<height>853</height>
		<depth>3</depth>
	</size>
	<segmented>0</segmented>
	<object>
		<name>person</name>
		<pose>Unspecified</pose>
		<truncated>0</truncated>
		<difficult>0</difficult>
		<bndbox>
			<xmin>7</xmin>
			<ymin>11</ymin>
			<xmax>598</xmax>
			<ymax>782</ymax>
		</bndbox>
	</object>
</annotation>