<annotation>
	<folder>dir</folder>
	<filename>126.jpg</filename>
	<path>D:\CapD\dir\126.jpg</path>
	<source>
		<database>Unknown</database>
	</source>
	<size>
		<width>640</width>
		<height>853</height>
		<depth>3</depth>
	</size>
	<segmented>0</segmented>
	<object>
		<name>person</name>
		<pose>Unspecified</pose>
		<truncated>0</truncated>
		<difficult>0</difficult>
		<bndbox>
			<xmin>335</xmin>
			<ymin>457</ymin>
			<xmax>492</xmax>
			<ymax>753</ymax>
		</bndbox>
	</object>
	<object>
		<name>person</name>
		<pose>Unspecified</pose>
		<truncated>0</truncated>
		<difficult>0</difficult>
		<bndbox>
			<xmin>270</xmin>
			<ymin>464</ymin>
			<xmax>311</xmax>
			<ymax>567</ymax>
		</bndbox>
	</object>
</annotation>