<annotation>
	<folder>dir</folder>
	<filename>128.jpg</filename>
	<path>D:\CapD\dir\128.jpg</path>
	<source>
		<database>Unknown</database>
	</source>
	<size>
		<width>640</width>
		<height>960</height>
		<depth>3</depth>
	</size>
	<segmented>0</segmented>
	<object>
		<name>person</name>
		<pose>Unspecified</pose>
		<truncated>0</truncated>
		<difficult>0</difficult>
		<bndbox>
			<xmin>169</xmin>
			<ymin>535</ymin>
			<xmax>341</xmax>
			<ymax>870</ymax>
		</bndbox>
	</object>
	<object>
		<name>person</name>
		<pose>Unspecified</pose>
		<truncated>0</truncated>
		<difficult>0</difficult>
		<bndbox>
			<xmin>313</xmin>
			<ymin>495</ymin>
			<xmax>451</xmax>
			<ymax>769</ymax>
		</bndbox>
	</object>
</annotation>