<annotation>
	<folder>dir</folder>
	<filename>12.jpg</filename>
	<path>D:\CapD\dir\12.jpg</path>
	<source>
		<database>Unknown</database>
	</source>
	<size>
		<width>640</width>
		<height>1641</height>
		<depth>3</depth>
	</size>
	<segmented>0</segmented>
	<object>
		<name>person</name>
		<pose>Unspecified</pose>
		<truncated>1</truncated>
		<difficult>0</difficult>
		<bndbox>
			<xmin>1</xmin>
			<ymin>164</ymin>
			<xmax>636</xmax>
			<ymax>1497</ymax>
		</bndbox>
	</object>
</annotation>