<annotation>
	<folder>dir</folder>
	<filename>136.jpg</filename>
	<path>D:\CapD\dir\136.jpg</path>
	<source>
		<database>Unknown</database>
	</source>
	<size>
		<width>640</width>
		<height>480</height>
		<depth>3</depth>
	</size>
	<segmented>0</segmented>
	<object>
		<name>person</name>
		<pose>Unspecified</pose>
		<truncated>0</truncated>
		<difficult>0</difficult>
		<bndbox>
			<xmin>6</xmin>
			<ymin>124</ymin>
			<xmax>478</xmax>
			<ymax>389</ymax>
		</bndbox>
	</object>
</annotation>